,ABCB1,ABCC1,ABCC10,ABCC3,ABCC4,ABCC5,BCL2L1,CASP3,ERCC1,ERCC2,FASLG,GGH,GSTM3,GSTP1,MSH2,MTHFR,RALBP1,SLC19A1,SLC22A1,SOD1,TOP2A,label,cohort
TARGET-40-0A4HMC-01A,7.451735240712922,8.272133721084865,8.708814839674202,8.027260736105806,8.475095581095488,8.32703278586701,8.865444558835987,8.653563121447224,8.674404842030256,8.09215430136487,6.288835113355002,9.917703776101984,8.489483369424795,12.11461049155081,8.101416537321366,7.364401438553779,8.974137285764973,7.504844682511523,7.387840233120471,12.841626796617865,9.78794748132573,0,TARGET-OS
TARGET-40-0A4I4O-01A,5.848359528269462,8.011941743947572,8.681386894978834,7.744836923542333,6.315441003428425,8.17894917596859,8.344167077394149,9.15018045639573,8.575059978268282,8.031432490360267,5.402637627654038,9.960396424276816,7.899715948655279,12.224315052017328,7.973147952044795,7.512857296261656,8.823186785594752,7.515500841716085,5.961290310941148,12.593101567290994,11.087786702454618,1,TARGET-OS
TARGET-40-0A4I65-01A,7.615362184462808,8.42722583660776,8.388309981106563,7.470342631284583,7.305749010393064,8.41264359785599,8.67712716180222,9.229874351265543,8.68264871645857,8.29625100661242,5.776380225334691,10.385319344335258,8.31194879092924,12.785608159873476,8.362121592524383,7.451206068735362,8.905718188594358,7.789203989839103,7.0738113134406735,12.82056516355482,10.827798558058957,0,TARGET-OS
TARGET-40-PAKXLD-01A,7.382626248320927,8.066095028881417,7.199609731033972,5.8919066660148705,7.591195740035071,7.907264205844679,7.639648401256776,8.532651147574201,8.11881432617041,7.516506015373656,5.4265753443774045,8.620116086873153,7.949723585041491,11.750277310592397,7.295783548431159,6.886204747289881,8.478700784397565,7.304777598182691,4.554474373978156,12.816658501701136,10.068424205338305,0,TARGET-OS
TARGET-40-PALWWX-01A,6.191936985468671,8.115597186461292,8.66992129072357,7.340829402577233,8.528510347304522,8.408956328970913,8.507739756878562,9.572229983201389,8.704915564608566,8.465968128277815,5.844042242334986,10.363002724047536,8.798604697902963,11.765328382429418,8.509808184600073,7.801677357073124,9.221359193514113,7.877846401287626,6.132889494399125,13.351127351024184,10.417943967261744,1,TARGET-OS
TARGET-40-0A4I9K-01A,6.308539777771159,7.9856185246475855,8.410747213869683,7.592407133911318,7.620721422958015,8.587898063718933,8.377626180699496,9.183828570224296,8.864976387605207,8.250831549958196,5.555677917994217,9.418123581860772,8.070752720989764,12.33096939973228,8.233688575758153,6.997944923840942,8.705326055695044,7.500554811695181,7.300867701779633,12.88344894029084,9.916203869559792,0,TARGET-OS
TARGET-40-PAKFVX-01A,6.1005668515011715,7.877495785237325,8.158573314011354,7.60655222486786,6.935753616973408,8.64800272746526,8.817634136895581,8.934570513962429,9.265378440969888,8.118396535114893,5.623339934994513,10.08184326087905,9.143928820741207,12.572717457459284,8.154507007069638,7.555309089035158,8.926769242260685,6.901827238816375,8.297678930857582,12.989967457685305,10.1376559762272,1,TARGET-OS
TARGET-40-0A4HY5-01A,5.979962530940389,8.376493856674925,8.264811389825889,7.519824663096726,8.53969886997966,8.455932060041405,8.163526126508996,9.046175926384178,8.798041946085904,8.151168283384663,6.243270928345475,9.952536838654588,8.110446835799076,12.49290412781127,8.113838333884905,7.229689637599045,9.056218030192785,8.363543558475344,5.429449646707886,13.316808059595418,10.989088235187806,0,TARGET-OS
TARGET-40-PANZHX-01A,8.01579975441182,7.879907875377476,8.45235161456125,7.929835510095611,7.716593624132797,8.551847492574918,8.95264559976326,9.061496521824775,8.806652234365373,9.002323066927369,6.410782192037719,10.283551871432833,9.059772184787892,12.463295418519362,8.448485494551768,7.085863237496243,8.589615294308647,7.486669430404402,8.109205961944943,13.3112224311641,10.410704030459415,0,TARGET-OS
TARGET-40-0A4I5B-01A,7.75479357536906,8.037882661360294,8.362518197179249,7.334018905787366,7.33327233483383,8.927433688495265,8.525539434297297,9.40701916336647,8.553675530466503,7.899575475304925,6.58506171676983,10.526968374194388,8.702256184895415,12.00353038145762,8.466475374291257,8.033344967395816,9.103500040615186,7.596780437357337,6.818823265322422,12.920659265168888,10.999831495682091,1,TARGET-OS
TARGET-40-PAMEKS-01A,5.519034083587152,7.612930655942314,7.892959663776481,5.777950251577058,8.066810362472193,8.036548701013297,7.510750514527045,9.212133244288864,8.075781197589281,7.726004551693113,5.20587303703693,9.418123581860772,7.527867407577615,11.399005928421472,7.901927025708486,6.304422247292967,8.835289614978816,7.470755989248179,5.843213150798652,12.627922311569854,10.439479843528588,0,TARGET-OS
TARGET-40-PANMIG-01A,6.139063808047436,7.993980768148191,8.38420923658975,7.224031365008294,8.547672886098843,8.47225088560852,8.275244496757358,9.202529631974762,8.787573151284423,7.965264527685491,6.022227336475788,9.530191548309556,8.54302102418219,11.91502846717352,8.297371085331623,7.771293575214902,8.867840066977227,7.299129907828596,6.245461803645211,12.834099746005425,10.54965491124416,1,TARGET-OS
TARGET-40-0A4I4M-01A,7.047722739662035,7.896974737374048,8.293751833905247,7.756879255488267,7.728216873906393,8.800354054215152,8.894639550077109,9.386435580541193,8.565943773814197,8.081376438120362,5.91509251567435,9.719627016401754,8.506174379338235,11.836579470925138,7.952564567954033,7.290288392688205,8.730905496330516,7.568006154436098,7.045559014780735,12.794540408754878,10.672315540434564,1,TARGET-OS
TARGET-40-0A4I8U-01A,7.432984148694863,8.63736014322407,9.25914553818489,8.824617545646564,8.545240402115498,9.673217371537325,9.10092613153499,9.777916297873988,8.87140291576215,8.864859964421022,5.998630904281637,11.412013191964212,9.337473577976098,13.129098121202928,9.279281185816416,8.68379290348166,9.225529750434866,8.697334090946946,7.288834064767224,13.092807946469614,11.28525950459952,1,TARGET-OS
TARGET-40-0A4HX8-01A,7.237502711700321,7.647817279204052,8.207102984355222,6.727810995921483,7.563935395356104,8.60081558678456,8.170573790278036,8.969272826516493,8.57667304541871,8.403302997042509,6.206845096354187,9.92360781280001,7.721772184293887,11.445146586908884,8.153740203411376,7.459459149697808,8.677081984375251,7.47471163016225,6.631795510689969,12.429464644670364,11.177325361848135,1,TARGET-OS
TARGET-40-0A4HXS-01A,6.6084384779425225,8.343310170119878,8.018344925802692,6.662287803692648,8.017991821177253,8.097515294134347,8.274183210307438,9.331835370137204,8.838060913326302,8.029723168233486,6.403462188639973,8.953013160054546,7.824605746236363,12.704968923608345,8.126758561137851,7.199510799132007,8.75832574442208,7.788522287641909,5.56993429552707,14.13175478130763,10.130238144113186,0,TARGET-OS
TARGET-40-0A4I48-01A,6.779126953468363,8.364662886608649,8.979238424269784,8.042828799628978,8.357731959655757,8.810973397391686,8.829658841291108,8.84571470684521,8.806372147092464,8.708861632714394,6.084047800545963,9.64054200935767,8.43376051481127,12.591473873250743,8.373059393997927,7.918913470218803,8.894098034916917,7.862725394627471,6.84895027081238,12.5881166035468,10.275687718624008,1,TARGET-OS
TARGET-40-PAKZZK-01A,7.778399147661092,7.681956962107567,8.055470133383698,7.475609096342378,7.28918091003974,8.414393234528545,8.238187494767388,8.3203005160303,8.352829220354128,7.868362531302866,6.217784840015638,10.419323826654187,7.749550669435039,11.864628027531095,8.349791748680511,7.370996773399925,8.485742624652739,7.369753629444064,5.504726510282348,13.317975630260388,9.7635730418225,0,TARGET-OS
TARGET-40-PAMYYJ-01A,6.617472987240037,8.262763413529965,8.753024930919029,7.301970171534728,7.514334436094862,8.448045074911056,8.350200379924674,9.271738998748877,8.594163693863072,8.372971481800596,6.159732539738189,10.691891180782962,9.063698647726463,11.416029688700888,8.826545133721003,7.728419973370555,8.779188044966768,7.309291330713547,6.946251165644783,13.185384706791258,10.891520777850609,0,TARGET-OS
TARGET-40-0A4HLD-01A,7.00046552170365,7.3966589427725085,7.368214534584591,7.863464449737328,6.807700089564909,7.607954507979757,7.620660616869001,7.471867962452485,7.943747347636753,7.330054767514813,5.694390208333877,8.988916764690433,6.756907594652829,11.600579627026963,8.284637341239845,7.151446755904815,8.38830923129751,7.215704268182444,6.054588887431952,12.2862958773802,9.466599852538618,1,TARGET-OS
GSM2331334,6.104170184730817,8.60781626788898,8.416774633471771,6.7480586703057766,7.976791852080137,8.674836604740113,8.428722522116765,9.285156488694794,9.177466710221555,8.290598076162112,4.970656660471357,10.217902712682788,8.257935729505148,12.967718676963251,8.656128140694799,7.2527219471005955,9.02779812372339,7.776334755682119,7.409720437591164,13.40776088258558,10.538440196788596,0,GSE87437
GSM2331335,7.225299182191042,7.95716204362377,8.344398426947459,7.976877418435604,7.894931143274705,8.579262481255507,8.135368044266952,8.739768661066044,8.647442974285473,7.7640042913356275,4.980054098789192,9.571600630636372,7.841671897052439,11.331506185917142,8.051331013710671,7.50812157522671,8.6025212609247,7.2629774424357,5.577325822956028,12.197254446148888,10.47398412275021,0,GSE87437
GSM2331336,7.596905950532657,7.430658511408264,8.627143409687914,6.965127265291775,7.397852116776056,8.382618507034401,8.346287964491426,8.86974805969875,8.825840040412459,8.162048211569429,6.035226686627958,10.0978814573847,8.382170995561983,10.480001783241384,8.497878171711777,7.190528891559356,8.494354870074822,7.335711881557344,7.1191078229935245,12.180196853474676,10.059650360589458,0,GSE87437
GSM2331337,8.420151688437691,7.92090971187213,8.054042042905763,7.573393845276635,7.612102592716796,8.159295620930918,8.158258939623257,9.307432284568428,8.240818912273166,7.932323585594861,7.253410438921623,8.970359129581635,8.124364589965827,12.028049218070292,8.168760219091677,7.548313594168242,8.848167145457312,7.464470416051102,7.144167725706971,13.029925887282424,9.54069831386214,0,GSE87437
GSM2331338,6.468798091247047,7.57271276890433,8.521003906544163,7.568109028803168,7.405941560440528,8.522207667850136,8.13481012678951,9.617737027617675,7.74396547089627,8.00146180956385,4.936393059482906,10.22339503750164,8.83500036627614,12.09505315041043,9.11001806547908,7.31982293001227,8.520983652524247,7.439232064402601,6.600858878784469,13.340895991737025,10.93861646849639,1,GSE87437
GSM2331339,6.756652703121484,7.80679710008364,8.13323831062835,7.762725908435346,7.761608552949257,8.509395746326007,8.123895794899616,9.62817472972118,8.707054608793262,8.181974048241015,5.643572732832778,10.52383494430509,8.412030307009504,11.74221038545944,8.64435469058845,7.352100366123239,8.53977308603576,7.480720438127274,5.6359164134530655,13.317426574657508,11.375655444097402,1,GSE87437
GSM2331340,7.731478109032732,7.956860473060396,7.749411201767545,6.971333282138925,7.685919408217107,8.660446715084273,8.366016064972412,8.910910539246032,8.826522706684731,8.012737731085785,6.373139056362251,9.40847319003468,8.626098852637673,11.747562368420756,7.836018566608876,7.553092644103238,8.63388392553629,7.268479388615187,7.594501568291685,13.002286946488764,9.52867114227878,1,GSE87437
GSM2331341,8.354720786324732,8.124922906909521,7.521317171051706,7.494384349807525,7.449745946031005,7.735748405881006,8.16563614877768,9.333228606013426,7.732158444034619,8.0641347996809,6.388537305138919,10.927315890374928,9.152998659462698,12.073702521268157,8.515009585929098,7.150342999207718,8.860667986066765,7.404429821875662,6.617860475185112,13.413509264509337,11.319510688756536,0,GSE87437
GSM2331342,7.551739092204904,7.070143333910387,8.052986934384082,7.128742958869718,7.777820202662739,8.254605917526325,8.230916775809765,9.050073404115292,8.393563387771275,7.840672886104927,5.784328878111,10.714389710368913,9.366090019779875,12.097103841708464,8.502116293628339,7.2705686009006785,8.920425580094985,7.635839985252792,4.387350925430626,13.354219303570618,11.272043440965454,1,GSE87437
GSM2331343,6.743630983626714,7.356337937044768,8.140711045218197,7.442314935933119,7.501517081745067,7.990208676649837,8.176188330442999,9.173692311201089,8.353096278709588,8.017940836918251,5.399818567577509,10.45249533753002,8.69070602716983,12.092742636815238,8.69981904562133,7.3659193317938705,8.834239720355459,7.387075480731157,7.84437607487859,13.523959824917668,11.372647482117312,0,GSE87437
GSM2331344,6.162190295268985,8.02497880129654,7.958085442141222,7.246512601485951,8.043672413436342,8.487534987559002,8.328538752289608,8.801279089413345,7.952504736136874,8.048402485657402,6.970360561639225,10.35930749455623,9.124036341002345,12.709460076900454,8.396120727125735,7.514543546799705,8.855939637876306,7.521601802134506,8.101720747268049,13.796001504283025,10.540260183192386,0,GSE87437
GSM2331345,8.006136028990714,7.999310017140345,8.232136406476375,7.716336990058865,7.695111160157529,8.328455100210883,8.297526426118266,8.819659312748799,8.966760629475429,8.128172799031837,6.43771831159087,8.853126402983138,7.319630914205315,12.058080462760044,7.545037654062544,7.436127097415942,9.02972003358892,7.414344147961052,6.938778816647733,12.48239989839542,9.847782966574815,1,GSE87437
GSM2331346,6.327224584568285,7.107426070681991,7.443771838992525,6.735770406581052,7.12033162871538,8.538717202867458,8.231681659734582,8.929431783806079,8.697967429658421,8.21054001906922,6.0578288456643365,10.899548546789978,9.17186911747601,11.912853308639102,8.972021779434504,7.523845657042358,8.652122106797606,7.322448818498635,4.827231492221949,12.938902747647395,10.935314871041047,1,GSE87437
GSM2331347,6.016896575623001,8.430742756093894,8.386428627971416,7.365842207761019,7.897333107001634,8.368353408514116,8.446398558195279,8.89339467673299,9.027265854057353,8.39583977864113,7.103311037348664,10.07584162176762,6.888650495029051,12.85118111109045,8.290181598889749,7.151095823842597,8.899378628264353,7.491790009615286,6.036314238817326,14.030210644953442,10.812892516309471,0,GSE87437
GSM2331348,6.513382679068321,8.389959769143479,8.428224036868148,7.446026381294704,7.757169491334711,8.439968440262689,8.461300557538179,9.013213243003667,8.941628668046581,8.273738281490392,7.740330331434638,10.149170202642477,7.391906653328747,12.634819034708576,8.584346265056364,7.157079046211577,8.800514518969578,7.496478043727056,6.713973622995105,13.862610598896833,10.827813084091623,1,GSE87437
GSM2331349,6.925007006637765,8.450454922927337,9.719070647211304,8.080422704545802,7.552307137286897,8.73634192299564,8.464931501059848,8.762118933915016,8.24184999305182,7.778555611697091,6.532387224039965,9.568090194474197,7.835655138743855,11.870143383111875,7.273312084745784,7.727121747342534,8.958046524330626,7.616821571339888,8.635096988373554,12.155989259836122,9.848901654598304,0,GSE87437
GSM2331350,5.893465547823461,8.663645419145576,8.22172943845138,7.415694512571157,7.911634800855809,8.499253282234308,8.416780843586455,9.341907991135797,9.12125179983999,8.419140228460261,5.3926632260317495,9.582818986999095,8.744037583546604,11.529703367308564,7.989356791154941,7.469160528692628,8.78686476596975,7.601657718825313,5.574984671114019,12.483489207319312,9.58186320635988,1,GSE87437
GSM2331351,7.258762991328548,8.156194625123897,8.87072149825644,7.664119208931759,7.693019645752401,8.697318342325072,8.54143948539767,8.790282063449935,8.745302389255896,7.944396848707542,5.398447814136804,9.499578973328235,8.550648184672228,12.484059050211204,7.624756137034479,7.339211915322776,8.825652377206897,7.417819882444792,4.5610943682633405,12.425415348490189,10.114631280476711,1,GSE87437
GSM2331352,5.854706925260503,8.75152707089081,7.986755897738857,7.2460390666727665,7.7031371417144205,8.604529726877248,8.255543482035824,9.217528789487185,8.507792498149323,8.232826701040981,6.058722294798218,10.434336783361278,8.223253229485126,13.016851413985307,8.771714089996825,7.253327963361658,8.978182454467808,7.654055529408562,6.644378041882253,12.3304542132056,10.826035285145888,1,GSE87437
GSM2331353,7.057991833736107,9.029021453149012,8.792647751961924,7.772368148801394,8.038203151043108,8.751522556444575,8.598305171821941,8.387811851310628,8.922523263750296,8.251478587751338,6.7735819503066015,8.70529556733764,7.1598728062394645,12.123025938342806,7.374753831866722,7.585511613447132,8.781023217642298,7.494172258147028,8.15024753164324,12.496883443400536,9.043634890249944,0,GSE87437
GSM2331354,5.639765895509311,7.680686197982987,9.112804081255756,6.7710796026703655,7.89690036510672,8.277790444525106,8.37630913915453,9.123148414025422,8.990679041697557,8.27263870226857,5.0035057033080665,10.152367100093196,8.23502280846427,12.914048799298152,8.13595558168786,7.117699314547304,8.582588038150393,7.487849687493802,7.051723365645872,13.359175061509765,10.66746065188998,0,GSE87437
GSM825626,6.75916830973737,8.019373543272215,7.84810723826829,7.233907906605021,7.4947391117346704,7.899591821026576,8.386341286409062,8.789317351663827,8.83983833930847,9.009134053839864,6.0451132972713095,9.81861408514198,9.156992786519004,12.218576981209262,8.01523787308807,7.87168494826622,8.780566278823189,7.381132761197995,6.563761333527622,13.62626052824887,10.424682512317284,0,GSE33382
GSM825627,6.759400752490541,8.0179215662971,8.443924283108048,7.633324654641616,7.835322828696151,7.86958263190146,8.772655847295905,8.57560407052576,8.777237937261225,8.338551215880944,6.225545079390335,10.556279222843523,7.672756458674375,12.191732521446562,8.113034480536735,7.3543333009295555,8.638383452126078,7.7132370129158545,6.536672814654201,13.382543591217036,9.735280046664478,1,GSE33382
GSM825628,6.65359096340288,8.016352172922637,8.520201140058724,7.545489758701765,7.248737583041425,7.757643461189152,8.63204305827294,8.617979582767704,8.538869490323897,8.376245358656439,6.049488650288556,9.405820633457164,8.531158101862237,12.457208463201283,8.015817957931453,7.116191721677847,8.885592228419185,7.400475737691926,6.53487583982078,12.735956467567318,10.17011474323921,1,GSE33382
GSM825629,6.773469412178953,7.959973726478408,8.35314672150587,7.291949614238385,7.941397507458545,8.820920756002746,8.56383294965166,9.333582440263106,8.651451543690257,8.094025622361867,6.110899737217403,10.217161509598206,8.052778420318013,11.626357619821023,8.255446604012928,7.244706264417411,8.580166238784274,7.316334482246955,6.552872086604196,12.88979309233946,10.320301724299174,1,GSE33382
GSM825630,6.6585739532309125,7.894864882278352,7.942701794091895,7.210123433844185,7.531673214825991,8.692465173273353,8.43227066921554,8.857717634330221,8.288707691428067,7.6611275335325155,6.02747677193768,11.550208097248571,8.010753418678563,11.836061211758537,8.596354798865633,7.281912674125484,8.551977514705998,7.8917960024913185,6.653877457277581,12.959684916152586,11.099049780102026,1,GSE33382
GSM825631,7.530051325565295,8.0613914623398,8.082163696844603,7.322714599608706,8.815787009284891,8.057796068563963,8.204765594008517,8.725532151581092,9.0815449652091,8.202393144853264,6.110385406465553,10.943537257595912,8.476914538666183,12.48543782697999,8.034949187808119,7.425787219703428,9.526278910059649,8.043837949192255,6.566338365934576,13.233079407381044,11.089006797702064,0,GSE33382
GSM825632,6.646301169361049,7.883883981869806,7.694375695170856,7.700489474910773,7.305409194449682,8.305882127842198,8.50995692421268,8.95588037249372,8.178031265350572,8.244374421594866,6.099927942785104,9.752995880483988,8.096132118267034,11.12471436889834,8.36826036479372,7.0409275243874765,8.72811515040862,7.207277730404741,6.544527232399763,13.062232809642977,10.671036467147337,1,GSE33382
GSM825633,6.678555267084396,8.081351202591032,8.420938974151637,7.45534156389739,7.763659799388146,8.878885421423705,8.42601537925449,8.809942553449202,8.759186607195662,8.638762996775528,6.020141913265063,9.163025338423408,7.647708511450881,12.311077914729376,8.030782487593864,7.067274711571709,8.612945237467295,7.753820302406813,7.253295105205102,12.952880213971127,10.552448637745876,1,GSE33382
GSM825634,6.840823412489453,7.951605446833314,9.797855740284326,7.297003632118488,7.978253862867364,8.263160253258288,9.06122163282201,8.763124382299246,8.674417709946162,8.071538515144331,6.182116887517782,8.476460437472287,8.307713861987125,11.792935309368932,8.029553362413843,7.874451895005677,8.667749255617185,7.56671814585935,6.4258489944192485,12.879384738708392,8.719155354612326,0,GSE33382
GSM825635,7.178047079441233,8.05313157155313,8.329373334434731,7.720375649770937,7.367499017396135,8.722518082719857,8.435765929265886,8.801944260139203,8.909953114353623,8.58110428645258,6.107942552351536,9.869382254932065,8.832703466512118,12.060557275956336,8.021700539201005,7.867337565658278,8.817125029931855,7.245264582214729,6.683989390483583,12.576446203518232,10.299317158419663,1,GSE33382
GSM825636,6.639757837082717,8.01662875853372,8.420063201636642,7.482351936291674,8.0305427853493,8.5157787640079,8.490448327653887,9.219899086085029,8.118247905386278,8.059230257293024,6.076566984881112,8.959319303582147,7.70745416778283,11.734830680912738,7.991311757926888,7.2708357024200865,8.713405647458798,7.665524057258284,6.9289661582589765,13.358775968871674,10.97188970997803,0,GSE33382
GSM825637,6.597767986755042,7.855894584638153,7.760275942729814,7.071941227999449,7.58743958393632,7.837142977761507,8.590638497757796,9.212177632537,9.088641235798155,8.04840870679461,6.08842854578213,10.855460915536389,8.266775479592166,12.93854976476815,8.030219078563446,7.463810660895508,8.843229466363878,7.527562803291587,6.669785378228883,13.010486488244522,11.1509310235008,0,GSE33382
GSM825638,6.573215257982628,7.79690965711945,8.230357853543435,7.984938963496081,8.387661730087741,8.331545358615049,8.091296384102607,9.199527647127628,8.532162710745554,8.40884959218882,6.04101327790546,9.297728469196638,10.332534367725344,11.325503186356649,7.991550654521935,7.306884860789738,8.534783111337513,7.483965960180606,6.541866088478485,12.881251038817163,10.601992981611836,0,GSE33382
GSM825639,6.870049901966256,7.918073680314891,8.705661749114157,7.506109389964037,7.857730805705646,8.05534203444314,8.601471816105644,9.576405269517,8.915908115623743,8.762804161677028,6.375395380946555,9.1892532861559,7.844529965655229,12.056082543413329,8.049840131721526,7.581372894579913,8.689269498970202,7.389866705907996,6.57391568634866,12.69843640138498,10.972073707039025,0,GSE33382
GSM825641,6.707568630000073,7.878839030205899,7.728491903162348,7.170920244856393,7.171792509489398,8.373327321948329,8.663403713213992,8.995818949152845,8.584415914108513,7.795754854705307,6.062569968353661,10.345076318724294,7.865262190866966,11.53955411203436,8.433567020084714,7.220868956215494,8.548395985474688,7.113200809907096,6.563427175019476,13.020515466726494,10.97101753242124,0,GSE33382
GSM825644,6.836231972403183,7.998243686635505,8.323317429074134,7.493810453063289,8.074541104510203,8.639139147393083,8.578622975619307,9.16855990025648,8.61058594195146,8.124098401474583,6.034615175488694,8.98463329713229,8.855001536069803,11.26818077801132,8.074166195928838,7.377375262343422,8.37482177823129,7.389665487879306,6.565360694427648,13.114987108554669,10.47023174128514,1,GSE33382
GSM825645,6.753720390781965,7.91168505656481,8.062158731936874,7.952001777712723,7.734128862385546,8.957131033009988,8.94452229691377,9.01732672721447,8.47964602251308,8.001396302818314,6.122165782956079,9.643246031172753,7.617227509720545,12.239342484201712,8.210101708628791,7.173956584343949,8.760969403437512,7.296136610305496,6.5379284634411095,12.982896424397486,9.28062385875234,0,GSE33382
GSM825646,6.8145917731571855,7.9444510505841075,8.179830304862017,7.368649630636068,8.05937608324463,8.270860796668224,8.647268599712438,9.111573710842055,8.419585837010777,7.78816768928852,6.09877166531321,10.240483353743272,9.201834186009576,12.258155646332767,8.19197695119049,7.60451376746448,8.958188612317613,7.729205666394597,6.668253512058998,13.109274077475911,11.440173766112038,1,GSE33382
GSM825647,6.683692083305437,7.957842780798247,8.26685242081517,7.842064093574344,8.23582286856113,8.915793057180945,8.659488039806346,9.204259011537598,8.418859951167567,7.72864915170105,6.0885908573532985,9.717875746379676,8.838810990783504,11.623114449817052,8.003346091742157,7.745183925616762,8.56029049664619,7.391937074607256,6.535739948296478,13.060360526477163,10.44666658530074,0,GSE33382
GSM825648,7.252997389063825,8.141430222263171,8.410085266792198,7.489034844053847,8.532113224340936,8.32559746776788,8.573901637421253,9.126452337421243,8.726712601319793,8.578882539661908,6.396727065313911,9.120284656648415,8.238989814307892,12.874236487731412,7.997416385726657,7.404534006109723,8.681982079970883,7.352181606247977,6.64656517781852,12.722756615505848,9.579485829319646,0,GSE33382
GSM825649,6.677483525643442,8.018942359093177,8.148864394439796,7.452020768497217,7.917209396066795,8.69124455997832,8.138103015637107,9.381870052766086,9.28613393510991,8.671098733474155,6.054926090094741,9.524242069511178,8.463422653489442,12.470572975439891,8.018007241688906,7.283494598342136,8.155133071177907,7.723983452246682,6.480015092131728,13.353168493147296,11.233805919629642,0,GSE33382
GSM825652,6.673410947672569,7.870166037787402,7.7773313552914045,7.28455803282753,8.012500644536459,8.202137512986136,8.614491869012666,8.828078461104738,8.603831823547859,7.817617610585162,6.0664036409265645,11.147697126348476,8.249233344941517,12.399024685202068,8.223424552297713,7.326692225154414,8.519027761688122,7.126596222934102,6.661323929220439,12.687706518012932,10.87198119994493,1,GSE33382
GSM825653,6.6936876578536,7.884991085546381,7.761137224687567,7.443783126945766,8.057602295871845,9.374585889501246,8.380216780692969,9.169560920262434,9.759977076784338,7.648090681279839,6.095299134917366,12.008975260196774,8.248491251651593,11.349169965592466,8.615886850853457,7.39524461025939,9.024907902306516,7.236755758347953,6.554134701742868,12.652287500936476,11.048217558998564,1,GSE33382
GSM825654,6.849593403225075,7.847428053759334,7.739859030215237,6.985996938598258,7.980023223979828,8.039314962013865,8.137548407266406,8.646583790098237,9.26687991508579,7.981594762396113,6.03423042134154,11.694146984145984,7.62854500420496,12.563305071272625,9.01912130436212,7.415795662819573,9.44667450786284,8.29163725137994,6.485441643579212,13.46723276103558,11.031204482686848,0,GSE33382
GSM825655,6.9841809523160645,7.843300717185714,8.051239431796828,7.614057618253849,7.552744561181666,9.504290279000507,8.642026439949921,8.924783957708568,8.181271004903973,7.789162438926899,6.105387830098851,10.472382503180624,8.805492449065639,12.012113450573873,8.580868946453277,7.279571123476855,9.097019305806668,7.371441686549235,6.681433431682021,12.933274139213308,10.233747494065602,1,GSE33382
GSM825656,6.603104876389723,7.827808044144894,7.683542545189046,7.628333860234119,8.342794968453381,7.946913249628865,8.439231681126513,9.19078498791491,8.354427816322076,7.718848367374579,6.038720621446449,10.82647574047099,8.275607612850429,10.930585929682357,8.762114519120672,7.20900077557685,9.629701121175358,7.323942583715566,6.522174136418796,13.584138182119112,10.46588446657602,0,GSE33382
GSM825657,6.711130576056486,7.89043758905603,8.16795502136606,7.190095063429035,7.438861765711974,9.094050307922902,8.346231250784415,9.311131459867047,8.166321277085947,7.823205877187571,6.098422210660472,11.95046578693345,8.367154306854102,12.222813467555389,8.964162149016236,7.455173996672237,8.603688019672015,7.8338917857321935,6.602978912205051,13.65699810574078,11.715372729873886,1,GSE33382
GSM825658,6.581038996959293,7.832718052076653,8.049533711148301,7.063038781999606,7.922759314499864,8.42883268234974,8.260187702540257,8.722640352887758,8.084758491613403,7.6067149469926205,6.061411425339656,10.246257332650256,8.396923935040746,12.198804522660842,8.563803582673868,7.384266113456926,8.83664691309956,7.405779205469769,6.412650221706041,13.320578642051894,10.91206674070015,0,GSE33382
GSM825659,6.745607824812837,7.976362852932731,8.454959325454327,7.471914805182433,8.585759221316787,8.437762060765431,8.978512758430448,9.48287202413308,8.28612502124287,7.780470638911227,6.104687922882732,9.387906936594282,7.660117563044855,11.48964182834331,8.059985952741435,7.388188864529641,9.63001325662142,7.471619231381591,6.6027197115828455,13.309269232822729,11.171632385582273,0,GSE33382
GSM825660,6.621383383982803,7.889402967048754,8.409227685898095,7.231295364403406,7.954780761781105,8.250823576646818,8.51020809615996,8.887600775112487,9.003962081875533,9.385800281211404,6.039896180178562,8.891596384861742,8.949698920632178,12.48649521158272,8.028526237066895,7.269982083755005,8.9854495834501,7.7244473158798765,6.513917864126949,12.960304983012126,9.865061723107347,0,GSE33382
GSM825661,9.408720845095647,8.12568608706335,9.406206366092274,7.040186163337331,7.86450552202999,8.511155319901839,8.334025122734507,8.808270716348126,8.732923638761504,8.151269929898636,6.066233345178407,10.567745376952356,7.839914329115443,13.273697986765129,8.37123241861519,7.212156722781987,9.27938360186912,8.248688421363813,6.594287206379089,13.38098922144499,9.450079133257011,0,GSE33382
GSM825662,6.66177864208354,7.910024824216684,8.153745432540438,7.133020688950157,7.676503745583126,7.697290439161822,7.623778573726995,9.29308152296295,8.715773697367977,8.566385494155822,6.0737998425613435,10.184857477834836,8.175453878116558,11.454583864671804,8.114492692861795,7.527356725092354,8.52580316079754,7.19871050593874,6.509470886963533,12.828994507369908,11.168202987421534,0,GSE33382
GSM825663,7.292008202059904,7.825637432178136,9.421281488047685,6.999333388582177,7.63464105388757,8.23851798414646,7.760289169198455,8.997266959584948,8.5095208363223,7.733707054053166,6.018241260380503,10.611320587323512,8.33692459123841,12.23548474834471,8.424767603481303,7.294845961103619,8.370499190385766,7.639222459296497,6.519620494900971,13.417815805277192,11.220114299168443,0,GSE33382
GSM825664,8.918006850788457,7.835808509376493,7.774069714533758,6.934273324002481,8.443911990853923,7.544994980239717,8.143400355435338,8.826120187604744,8.5215410205228,7.369673945745323,6.069757291870602,13.204855780157498,7.728603805102672,12.76178245202114,8.659219716977574,7.555619658916738,8.523908362276712,7.542281770339737,6.481946378459511,12.23204917999579,11.571957294769035,0,GSE33382
GSM825665,6.761449530736764,7.934379220811703,8.193992754504608,7.374635383529687,7.859523648138109,7.90271661123267,8.5996965509169,8.820292339394777,9.072839678788732,8.474842268725437,6.0566675692001875,10.420235682404448,7.551143827496631,13.085719997275108,8.430865815562235,7.209162344039283,8.719439908184375,7.8094603178094815,6.417119445309438,14.36665933338725,9.054956893520451,0,GSE33382
GSM825666,7.000181171542079,7.935787058682823,8.093215244637776,7.239868443624738,7.8044515970897965,8.529216253683003,8.14358653372166,8.739579753365541,8.546590325630715,7.717985398987256,6.061830098808805,10.072457735022756,8.50389995129356,11.942594267100276,8.122083028549257,7.7889066609567426,8.832457015035489,7.342750189360435,6.721464915321659,12.169579976324238,9.983676317738738,1,GSE33382
GSM825667,7.144431341267634,7.886754236860002,8.013531002690126,6.984528733748588,7.592396854192907,8.235895482206114,8.204258646542506,9.12110772016137,8.271795659871195,7.630364561155964,6.05493258496685,11.579197854682594,8.504289938076251,12.20396519431364,8.36617011309165,7.269980428656717,8.605385379940634,7.710213594664076,6.497693385910196,13.098286852374953,11.593698542259212,0,GSE33382
GSM825668,6.600451167396237,7.939423758521502,8.155794532442703,7.660162264281844,7.717399150058192,9.14603933712378,8.325005436801003,9.100206967729388,8.220299305855077,7.706591088388938,6.036738124416213,10.040575281752243,8.402417470216475,11.97742024729495,8.614776394293234,7.543421556676174,8.918312350178075,7.538614310580261,6.712979997056303,12.729793975571306,10.44941538747185,1,GSE33382
GSM825669,6.662542541590879,7.83666010632933,7.919258078355115,7.287407429553964,8.24750123871139,8.794880534289925,7.993932283859032,8.882969538772532,8.48401324949649,8.062513317280278,6.05081561309623,10.535212709655845,7.945688018577781,12.010560861516796,8.246173877426374,7.184348691550898,9.233730228922791,7.456025025498048,6.506043091443613,12.519736863610287,10.353657588755365,0,GSE33382
GSM825670,6.755367133942968,8.022661946792953,7.990833164951725,7.417793367106098,7.65513305964812,8.24647390405034,8.121318566728789,9.510784910658868,9.003157110139107,8.468715052347472,6.04346880531403,9.306695040839298,7.493654783118159,12.885855002592644,8.024360070952612,7.191034249550198,8.705544377401461,7.423008299922065,6.482894750053563,14.166119852587356,11.235872158981518,0,GSE33382
GSM825671,6.652263087572546,7.917457848872101,8.212748350233193,7.169225135406128,7.37326063851424,8.208900790641787,7.92205023566478,9.500555675620006,8.909272206969055,8.463355518392776,6.0201070523029,9.56739453862814,10.007431848043192,12.500249500717471,8.017163971409836,7.151656538018836,8.377186162876043,7.85530844710133,6.8993403227187855,13.125228518448411,11.093291889410256,1,GSE33382
GSM825672,6.888936997960181,8.149721086348494,9.236708492809573,7.407117563040973,7.298466967842544,8.474519482677788,8.07988905306027,9.63177346904474,8.404582010124095,8.310230448317688,6.049221099843447,8.847187268246316,8.56655923800135,13.087112755553392,8.025746573553203,7.690911092953538,8.491551719006774,8.078279986197774,6.582060302257156,13.455589584012154,11.19997520877914,1,GSE33382
GSM825673,7.016884023153079,8.164827049653947,8.823227745346152,7.31034089403261,7.935067491632994,8.488589807493307,8.944383874166313,9.369107180724846,8.286853189421569,9.398649349068355,6.2037661705945855,7.988466435680431,7.810672806300563,12.256159482681104,8.042498777058444,7.840304138631642,9.137342834652666,7.405216741331139,6.4629845294775485,12.65164140797865,8.885121414675538,0,GSE33382
GSM825674,6.8602489432914755,8.865847314096355,8.622709364891275,7.791070872857347,7.961909531230408,8.381392557428368,8.917834197651418,8.765554636036606,8.488300097572854,8.000573971402995,6.095720873806585,8.303777123134156,7.558469120370567,11.968399595687435,8.045991261094711,7.523362501611186,8.637166411124186,7.823336977288986,7.148594172439294,13.199445962441404,9.638030600928074,0,GSE33382
GSM825676,6.648203733727138,8.066175283891537,9.143623588749383,7.637336441266805,7.879800962334373,8.784189332788738,8.414360804984078,9.059990825115698,8.822080899199134,8.843754918173406,6.009623248723901,9.6703256392059,9.219852990927604,12.087133214604597,8.136792214227082,7.181065447566156,8.530864043339625,7.884781890518894,6.7023308596437685,13.021249404778096,9.685388608162564,1,GSE33382
GSM825677,6.504910760539785,8.019562849275935,8.220085012228097,7.329448888167087,8.289546474494616,9.112644984074036,8.283579742604054,8.90020460354026,8.445822504076284,7.917617316012808,6.004322004605404,10.464500158302451,7.981862004402561,11.641609277221468,8.159526571752748,7.24595672109375,8.65282427058565,7.299884409030591,6.522323126408948,12.117652159147893,9.776880919134836,0,GSE33382
GSM825678,7.342712248592615,7.890856660471122,8.04764451946085,7.118761105436922,7.170387486003534,8.746300443699582,8.418265854931608,8.962761222325115,8.662563779853036,7.736568320667676,6.0537763261952415,10.551316744432173,7.964374562242954,12.490389686345718,8.250020448863108,7.440559925286439,8.843600093190496,7.0985066066061275,6.731717344983471,12.653721545953417,11.582885543717545,1,GSE33382
GSM825679,6.620953041817918,8.112258447645035,9.554566790428929,7.460553146951754,7.712106727772738,8.822097840880243,8.510831401841859,8.620553348780307,8.479242760399972,8.032753067695262,6.0490346226739495,10.121098776444722,8.537221899587815,12.723556449266344,8.308207629895112,7.273999058291668,9.040666191170684,7.722039803109292,6.4575018587337585,13.345453936645235,11.710532323284331,0,GSE33382
GSM825680,6.739383040781567,8.162090665210942,8.90853193106502,7.956809772252823,7.323584744142076,7.999599676620311,8.476496052359192,8.651958065230797,8.368742691555738,7.850473513342947,6.1270631880804505,9.909555030765022,7.716287693146758,12.009018778666896,8.125665307369186,7.308535548868067,8.941953133906058,7.492144243499298,6.6405809083511675,12.538003556112916,9.755869271484505,1,GSE33382
GSM825681,8.605429325319779,8.036898862805499,7.979171207108744,6.923895712497295,7.373976974414822,8.065431262380818,8.310228032824144,8.50797115196176,8.186160752011741,7.717230436702678,6.100523719319341,7.99365795039334,8.901943557166307,11.632808080057256,8.113308887101729,7.3478266702322514,9.915065397262998,7.406464639488403,6.445769945980144,12.825313616344127,9.154714586563257,0,GSE33382
GSM825682,6.634636309532214,7.994796791510837,7.936807419368581,7.06937295174283,7.746041376188151,7.9002072184774015,7.691299114083806,8.862556749427732,8.41618303556351,7.666742618287301,6.0157420116217395,9.72778634580324,8.39837625278925,12.332356888260051,8.1164649534814,7.520604472267862,8.501495128413756,7.520327984905967,6.500120083552263,12.85533112637339,10.132315021309267,1,GSE33382
GSM825683,6.651968377415331,7.836774072292218,8.308909947728345,7.300416368251514,7.293350094810924,8.615610828159067,8.497612877603437,8.910084757388937,8.633942953269976,7.767705775092208,6.057383834357907,9.908998617918954,8.0605116718004,10.7925587210639,8.440748470616578,7.581110681794915,8.954783313375028,7.366160907117792,6.604308424718929,13.510181797089285,10.812070991302187,1,GSE33382
GSM825684,6.798627766751627,7.840884286888693,8.521195140581396,7.340676880254886,7.295189885421699,8.793890690403877,8.350992425256267,9.435637528268028,8.447382143412726,9.309292941730986,6.0610823611622795,9.339579718362303,7.992354375479574,11.577460290092706,8.180188927858804,7.310919889816561,8.938799037817384,7.132665607702949,6.550887128916088,12.49355203694562,9.576203666881028,0,GSE33382
GSM825685,7.145800190484163,7.8510247679402925,8.74024241877713,7.250153451198828,7.95106654712609,8.239314600922697,8.27810797009313,9.102058821683302,8.167111745562883,7.684918034920065,6.066688523752813,10.160955974401103,7.602965143334625,10.077585654533456,8.345329858866698,7.393881421145874,8.8874750658996,7.438483159388589,6.484313098321409,12.418528001099222,12.018985610338207,1,GSE33382
GSM825686,6.538259269180704,8.073687175181973,8.124774201771011,7.084027995392259,7.751107340025992,8.037926957671827,8.155829970736157,9.002994832793407,8.7210738607118,7.976013778032497,6.028585107461301,9.926412869910653,7.407363358100107,12.789809978637797,8.366083004707466,7.504845020498395,8.294987511710005,9.045777470639136,6.48731446331398,13.511290490586436,11.037734161549674,1,GSE33382
GSM825687,6.6877673224912355,8.455122513397697,7.886520922462036,7.203174579297351,7.309649255670817,8.103512130486788,8.096960067657353,9.299689317129502,8.524409457294544,7.948261382460905,6.090147868016916,9.386737780492473,8.544594298422826,11.690403343636852,8.10384664079019,7.905927152734529,8.51386006343965,7.372454332413549,6.481988705659762,12.81317529171194,10.7136712639785,0,GSE33382
GSM825688,6.668729817101044,7.778517814553466,8.214581776406266,7.4808127579147055,7.626764471508725,8.934314504498358,8.44968242705836,8.983366903748006,7.993104148764134,7.743461266858512,6.043867602959791,10.092644509596235,8.60507563464273,11.924708020196809,8.199696419755382,7.540183590462081,8.630755501539292,7.5838580941312195,6.599527143249448,12.66353759775998,9.85956424438042,1,GSE33382
GSM825689,6.880964787635057,7.910496625867231,8.509794186180313,7.496265829960171,7.406617631095999,8.539110381131678,8.301741835547269,8.93977374067416,8.972979226994186,8.247899568486147,6.032442966078127,10.56790598795354,7.83789353859201,12.3891533060969,8.185532120554768,7.403461555874492,8.404590792897176,8.170618704355075,6.530964550016348,13.27821906784985,10.149601607444843,1,GSE33382
GSM825691,6.634171070136518,7.966337129736721,7.944329827195878,7.644141454553666,7.701011117425686,8.434457939055658,8.40638083747829,8.92833588583,8.858608330168583,8.39053757561997,6.007112014264703,10.078664230041037,7.971405634417549,12.436695825461356,8.164780258580056,7.2981846978455245,8.600996454905086,7.549328703962029,6.584802523061104,12.83866224926916,10.105563344819265,1,GSE33382
GSM825693,6.741662512543841,7.848283406614547,8.276914574920912,7.395241719898033,7.057331130396383,9.139308278888382,8.256335767252182,8.585103414113625,8.059052360390648,8.03833162735752,6.055772872304619,10.571026920628986,7.974071033849267,12.824414153408638,8.4636815578186,7.388519504919877,8.780776681094217,8.012839443707708,6.585126002194251,14.032503726173085,11.36940772058046,1,GSE33382
GSM825694,6.794302675048172,7.976362285434815,8.009771671490256,7.053511413073281,7.873560549029907,8.908281301231453,8.36107281684316,9.121004955586184,9.345107331700005,8.411035631396972,6.025654123713533,10.383856070051646,8.890256700026434,13.164947856018273,8.11448747614023,7.4427253054133535,8.27577720042699,7.5134432208739215,6.6201177436988985,12.976255819565974,10.27349492311397,0,GSE33382
GSM825696,6.653300721308414,8.036847239755463,8.19504259132477,7.444632853595405,7.361875266456893,7.648921990790898,7.778604596942712,8.829701961728693,8.34377342343901,7.817002830240019,6.06042546269919,9.432911662166456,8.028123736106958,11.997476540291874,8.10192882247462,7.8087369627104195,8.589319892833945,8.082754065808015,6.472215983070023,13.010166376886328,10.111348473373598,1,GSE33382
GSM825699,6.66040724018187,8.582346538514694,7.73152139185407,8.335909927530457,7.791975859211697,8.749628583351377,8.944468038249715,8.493207155025853,8.759828529579703,8.441128222652038,6.044988517127579,7.832922842676835,7.707254497804886,13.079948189279024,7.99581661729622,7.1852454805815045,8.359296009222792,7.46024661229895,6.544004213023801,13.100425446594086,8.148678617380607,0,GSE33382
GSM825700,7.330279764047657,8.310686975047622,7.89553016660704,7.230101164684695,7.3783374276996065,8.451142661908149,8.413499987946548,8.883624607385308,8.522381138410921,8.186421774160783,6.043333920195172,8.102687695344834,9.48042169458579,12.134420503202875,8.064268223354842,7.577843144307648,9.013454794262897,7.289087710681139,6.539510262143144,12.44186445655979,8.69932362400231,1,GSE33382
GSM825701,7.12345450166427,8.108581683927557,9.18809173530815,7.403369867907259,7.589425938905928,9.768860892705517,8.488712870509712,8.978067492193238,8.718290973661126,8.861796709139943,6.048898691339916,9.638143508458738,8.004827412697413,12.46626929041138,8.000670059842378,7.459261279412706,8.694549151411001,7.480500312564499,6.513058443456144,12.971028761339984,11.228138478810145,0,GSE33382
GSM825702,7.103090950231294,8.578156578177614,8.617577374304187,9.16385789190267,7.74061458843308,8.052604020066317,9.023539378592536,9.054119073450725,8.468909744846389,8.517083171118516,6.136646867148892,7.82035354174438,8.785185255371223,11.970991950348996,8.056742588769897,7.416842547338819,8.997302054099912,7.413435163559328,6.5027634707855295,12.627855769954554,8.863032418493635,1,GSE33382
GSM825703,6.738991593535509,8.85291333851018,8.02850887987243,7.17058935077134,7.56713368277345,7.572824078041717,8.790534244714795,9.792748832515128,8.988607239143926,8.443864636395423,6.440812195222168,9.029906082501308,7.412598419730017,11.94159469710134,8.029644990394857,7.0594128761832176,8.97719025438067,7.695369393415708,6.4428455058257175,12.625257084993184,11.25884187903199,1,GSE33382
GSM825705,6.6293109266082695,7.806311135900328,8.605945487570303,7.402410190791311,7.599488217332445,9.29648337158822,8.328913777294687,8.818358951988746,8.20118695516881,7.983594795398725,6.045581873877844,9.03832836860276,8.960722990666959,12.034600561682248,8.291149948939054,7.702080674947568,9.067760702658637,7.356627120919315,7.776042992767105,12.811779693827292,9.052742412075862,0,GSE33382
GSM825706,6.828525711753903,8.01942916750137,8.538156177635638,7.192405179917287,7.251678648521619,8.320847787954254,8.001628686244832,8.91477820826327,8.461384163830976,8.234165927615201,6.083079330324481,9.975911995126244,8.084568188072378,13.171427284344093,8.087231140128306,7.897182318673719,8.784739331253412,7.077591439690767,6.637965629795442,12.102503781286233,9.730337118582984,1,GSE33382
GSM825707,6.67646220585581,7.89417150585734,9.092240195889794,7.930480309594449,7.610293886089723,8.921516191355536,8.246441481413608,9.129902342848473,7.999775342083252,8.028726838868453,6.046783651235639,8.901918705805192,9.272717002707113,11.77333962085224,8.381857852086869,7.26709586520314,8.802732241069346,7.5139671612411645,7.329971683910715,12.846555794509046,11.1441655582762,0,GSE33382
GSM825708,6.669067713160398,8.116864964570453,8.005269517752062,7.180853637888633,7.870105969851662,7.699883482718575,7.93584104893209,9.33214501561626,9.04784659016235,8.16151360219332,6.040735639566072,10.895302846509592,7.521721989146847,12.61932008109955,8.093732092111031,7.835268590975377,8.467842533634924,7.99627996207935,6.495000338357455,13.150029575319037,11.585988591030445,0,GSE33382
